{
	"partitions" : [
		{
			"name" : "Top",
			"pins" : [
				{
					"name" : "data_out_16[0]",
					"strict" : false
				},
				{
					"name" : "data_out_16[1]",
					"strict" : false
				},
				{
					"name" : "data_out_16[2]",
					"strict" : false
				},
				{
					"name" : "data_out_16[3]",
					"strict" : false
				},
				{
					"name" : "data_out_16[4]",
					"strict" : false
				},
				{
					"name" : "data_out_16[5]",
					"strict" : false
				},
				{
					"name" : "data_out_16[6]",
					"strict" : false
				},
				{
					"name" : "data_out_16[7]",
					"strict" : false
				},
				{
					"name" : "data_out_16[8]",
					"strict" : false
				},
				{
					"name" : "data_out_16[9]",
					"strict" : false
				},
				{
					"name" : "data_out_16[10]",
					"strict" : false
				},
				{
					"name" : "data_out_16[11]",
					"strict" : false
				},
				{
					"name" : "data_out_16[12]",
					"strict" : false
				},
				{
					"name" : "data_out_16[13]",
					"strict" : false
				},
				{
					"name" : "data_out_16[14]",
					"strict" : false
				},
				{
					"name" : "data_out_16[15]",
					"strict" : false
				},
				{
					"name" : "data_wb[0]",
					"strict" : false
				},
				{
					"name" : "k_mem[0]",
					"strict" : false
				},
				{
					"name" : "dest_address_wb[0]",
					"strict" : false
				},
				{
					"name" : "dest_address_wb[1]",
					"strict" : false
				},
				{
					"name" : "k_mem[1]",
					"strict" : false
				},
				{
					"name" : "dest_address_wb[2]",
					"strict" : false
				},
				{
					"name" : "k_mem[2]",
					"strict" : false
				},
				{
					"name" : "raw_data_112[0]",
					"strict" : false
				},
				{
					"name" : "raw_data_112[64]",
					"strict" : false
				},
				{
					"name" : "raw_data_112[32]",
					"strict" : false
				},
				{
					"name" : "raw_data_112[96]",
					"strict" : false
				},
				{
					"name" : "raw_data_112[48]",
					"strict" : false
				},
				{
					"name" : "raw_data_112[80]",
					"strict" : false
				},
				{
					"name" : "raw_data_112[16]",
					"strict" : false
				},
				{
					"name" : "data_wb[1]",
					"strict" : false
				},
				{
					"name" : "raw_data_112[1]",
					"strict" : false
				},
				{
					"name" : "raw_data_112[65]",
					"strict" : false
				},
				{
					"name" : "raw_data_112[33]",
					"strict" : false
				},
				{
					"name" : "raw_data_112[97]",
					"strict" : false
				},
				{
					"name" : "raw_data_112[49]",
					"strict" : false
				},
				{
					"name" : "raw_data_112[81]",
					"strict" : false
				},
				{
					"name" : "raw_data_112[17]",
					"strict" : false
				},
				{
					"name" : "data_wb[2]",
					"strict" : false
				},
				{
					"name" : "raw_data_112[2]",
					"strict" : false
				},
				{
					"name" : "raw_data_112[66]",
					"strict" : false
				},
				{
					"name" : "raw_data_112[34]",
					"strict" : false
				},
				{
					"name" : "raw_data_112[98]",
					"strict" : false
				},
				{
					"name" : "raw_data_112[50]",
					"strict" : false
				},
				{
					"name" : "raw_data_112[82]",
					"strict" : false
				},
				{
					"name" : "raw_data_112[18]",
					"strict" : false
				},
				{
					"name" : "data_wb[3]",
					"strict" : false
				},
				{
					"name" : "raw_data_112[3]",
					"strict" : false
				},
				{
					"name" : "raw_data_112[67]",
					"strict" : false
				},
				{
					"name" : "raw_data_112[35]",
					"strict" : false
				},
				{
					"name" : "raw_data_112[99]",
					"strict" : false
				},
				{
					"name" : "raw_data_112[51]",
					"strict" : false
				},
				{
					"name" : "raw_data_112[83]",
					"strict" : false
				},
				{
					"name" : "raw_data_112[19]",
					"strict" : false
				},
				{
					"name" : "data_wb[4]",
					"strict" : false
				},
				{
					"name" : "raw_data_112[4]",
					"strict" : false
				},
				{
					"name" : "raw_data_112[68]",
					"strict" : false
				},
				{
					"name" : "raw_data_112[36]",
					"strict" : false
				},
				{
					"name" : "raw_data_112[100]",
					"strict" : false
				},
				{
					"name" : "raw_data_112[52]",
					"strict" : false
				},
				{
					"name" : "raw_data_112[84]",
					"strict" : false
				},
				{
					"name" : "raw_data_112[20]",
					"strict" : false
				},
				{
					"name" : "data_wb[5]",
					"strict" : false
				},
				{
					"name" : "raw_data_112[5]",
					"strict" : false
				},
				{
					"name" : "raw_data_112[69]",
					"strict" : false
				},
				{
					"name" : "raw_data_112[37]",
					"strict" : false
				},
				{
					"name" : "raw_data_112[101]",
					"strict" : false
				},
				{
					"name" : "raw_data_112[53]",
					"strict" : false
				},
				{
					"name" : "raw_data_112[85]",
					"strict" : false
				},
				{
					"name" : "raw_data_112[21]",
					"strict" : false
				},
				{
					"name" : "data_wb[6]",
					"strict" : false
				},
				{
					"name" : "raw_data_112[6]",
					"strict" : false
				},
				{
					"name" : "raw_data_112[70]",
					"strict" : false
				},
				{
					"name" : "raw_data_112[38]",
					"strict" : false
				},
				{
					"name" : "raw_data_112[102]",
					"strict" : false
				},
				{
					"name" : "raw_data_112[54]",
					"strict" : false
				},
				{
					"name" : "raw_data_112[86]",
					"strict" : false
				},
				{
					"name" : "raw_data_112[22]",
					"strict" : false
				},
				{
					"name" : "data_wb[7]",
					"strict" : false
				},
				{
					"name" : "raw_data_112[7]",
					"strict" : false
				},
				{
					"name" : "raw_data_112[71]",
					"strict" : false
				},
				{
					"name" : "raw_data_112[39]",
					"strict" : false
				},
				{
					"name" : "raw_data_112[103]",
					"strict" : false
				},
				{
					"name" : "raw_data_112[55]",
					"strict" : false
				},
				{
					"name" : "raw_data_112[87]",
					"strict" : false
				},
				{
					"name" : "raw_data_112[23]",
					"strict" : false
				},
				{
					"name" : "data_wb[8]",
					"strict" : false
				},
				{
					"name" : "raw_data_112[8]",
					"strict" : false
				},
				{
					"name" : "raw_data_112[72]",
					"strict" : false
				},
				{
					"name" : "raw_data_112[40]",
					"strict" : false
				},
				{
					"name" : "raw_data_112[104]",
					"strict" : false
				},
				{
					"name" : "raw_data_112[56]",
					"strict" : false
				},
				{
					"name" : "raw_data_112[88]",
					"strict" : false
				},
				{
					"name" : "raw_data_112[24]",
					"strict" : false
				},
				{
					"name" : "data_wb[9]",
					"strict" : false
				},
				{
					"name" : "raw_data_112[9]",
					"strict" : false
				},
				{
					"name" : "raw_data_112[73]",
					"strict" : false
				},
				{
					"name" : "raw_data_112[41]",
					"strict" : false
				},
				{
					"name" : "raw_data_112[105]",
					"strict" : false
				},
				{
					"name" : "raw_data_112[57]",
					"strict" : false
				},
				{
					"name" : "raw_data_112[89]",
					"strict" : false
				},
				{
					"name" : "raw_data_112[25]",
					"strict" : false
				},
				{
					"name" : "data_wb[10]",
					"strict" : false
				},
				{
					"name" : "raw_data_112[10]",
					"strict" : false
				},
				{
					"name" : "raw_data_112[74]",
					"strict" : false
				},
				{
					"name" : "raw_data_112[42]",
					"strict" : false
				},
				{
					"name" : "raw_data_112[106]",
					"strict" : false
				},
				{
					"name" : "raw_data_112[58]",
					"strict" : false
				},
				{
					"name" : "raw_data_112[90]",
					"strict" : false
				},
				{
					"name" : "raw_data_112[26]",
					"strict" : false
				},
				{
					"name" : "data_wb[11]",
					"strict" : false
				},
				{
					"name" : "raw_data_112[11]",
					"strict" : false
				},
				{
					"name" : "raw_data_112[75]",
					"strict" : false
				},
				{
					"name" : "raw_data_112[43]",
					"strict" : false
				},
				{
					"name" : "raw_data_112[107]",
					"strict" : false
				},
				{
					"name" : "raw_data_112[59]",
					"strict" : false
				},
				{
					"name" : "raw_data_112[91]",
					"strict" : false
				},
				{
					"name" : "raw_data_112[27]",
					"strict" : false
				},
				{
					"name" : "data_wb[12]",
					"strict" : false
				},
				{
					"name" : "raw_data_112[12]",
					"strict" : false
				},
				{
					"name" : "raw_data_112[76]",
					"strict" : false
				},
				{
					"name" : "raw_data_112[44]",
					"strict" : false
				},
				{
					"name" : "raw_data_112[108]",
					"strict" : false
				},
				{
					"name" : "raw_data_112[60]",
					"strict" : false
				},
				{
					"name" : "raw_data_112[92]",
					"strict" : false
				},
				{
					"name" : "raw_data_112[28]",
					"strict" : false
				},
				{
					"name" : "data_wb[13]",
					"strict" : false
				},
				{
					"name" : "raw_data_112[13]",
					"strict" : false
				},
				{
					"name" : "raw_data_112[77]",
					"strict" : false
				},
				{
					"name" : "raw_data_112[45]",
					"strict" : false
				},
				{
					"name" : "raw_data_112[109]",
					"strict" : false
				},
				{
					"name" : "raw_data_112[61]",
					"strict" : false
				},
				{
					"name" : "raw_data_112[93]",
					"strict" : false
				},
				{
					"name" : "raw_data_112[29]",
					"strict" : false
				},
				{
					"name" : "data_wb[14]",
					"strict" : false
				},
				{
					"name" : "raw_data_112[14]",
					"strict" : false
				},
				{
					"name" : "raw_data_112[78]",
					"strict" : false
				},
				{
					"name" : "raw_data_112[46]",
					"strict" : false
				},
				{
					"name" : "raw_data_112[110]",
					"strict" : false
				},
				{
					"name" : "raw_data_112[62]",
					"strict" : false
				},
				{
					"name" : "raw_data_112[94]",
					"strict" : false
				},
				{
					"name" : "raw_data_112[30]",
					"strict" : false
				},
				{
					"name" : "data_wb[15]",
					"strict" : false
				},
				{
					"name" : "raw_data_112[15]",
					"strict" : false
				},
				{
					"name" : "raw_data_112[79]",
					"strict" : false
				},
				{
					"name" : "raw_data_112[47]",
					"strict" : false
				},
				{
					"name" : "raw_data_112[111]",
					"strict" : false
				},
				{
					"name" : "raw_data_112[63]",
					"strict" : false
				},
				{
					"name" : "raw_data_112[95]",
					"strict" : false
				},
				{
					"name" : "raw_data_112[31]",
					"strict" : false
				}
			]
		}
	]
}