{
	"partitions" : [
		{
			"name" : "Top",
			"pins" : [
				{
					"name" : "address_16[0]",
					"strict" : false
				},
				{
					"name" : "address_16[1]",
					"strict" : false
				},
				{
					"name" : "address_16[2]",
					"strict" : false
				},
				{
					"name" : "address_16[3]",
					"strict" : false
				},
				{
					"name" : "address_16[4]",
					"strict" : false
				},
				{
					"name" : "address_16[5]",
					"strict" : false
				},
				{
					"name" : "address_16[6]",
					"strict" : false
				},
				{
					"name" : "address_16[7]",
					"strict" : false
				},
				{
					"name" : "address_16[8]",
					"strict" : false
				},
				{
					"name" : "address_16[9]",
					"strict" : false
				},
				{
					"name" : "address_16[10]",
					"strict" : false
				},
				{
					"name" : "address_16[11]",
					"strict" : false
				},
				{
					"name" : "address_16[12]",
					"strict" : false
				},
				{
					"name" : "address_16[13]",
					"strict" : false
				},
				{
					"name" : "address_16[14]",
					"strict" : false
				},
				{
					"name" : "address_16[15]",
					"strict" : false
				},
				{
					"name" : "k[0]",
					"strict" : false
				},
				{
					"name" : "k[1]",
					"strict" : false
				},
				{
					"name" : "k[2]",
					"strict" : false
				},
				{
					"name" : "instr_mem_4[2]",
					"strict" : false
				},
				{
					"name" : "instr_mem_4[3]",
					"strict" : false
				},
				{
					"name" : "instr_mem_4[1]",
					"strict" : false
				},
				{
					"name" : "data_from_exe_16[0]",
					"strict" : false
				},
				{
					"name" : "data_from_exe_16[1]",
					"strict" : false
				},
				{
					"name" : "data_from_exe_16[2]",
					"strict" : false
				},
				{
					"name" : "data_from_exe_16[3]",
					"strict" : false
				},
				{
					"name" : "data_from_exe_16[4]",
					"strict" : false
				},
				{
					"name" : "data_from_exe_16[5]",
					"strict" : false
				},
				{
					"name" : "data_from_exe_16[6]",
					"strict" : false
				},
				{
					"name" : "data_from_exe_16[7]",
					"strict" : false
				},
				{
					"name" : "data_from_exe_16[8]",
					"strict" : false
				},
				{
					"name" : "data_from_exe_16[9]",
					"strict" : false
				},
				{
					"name" : "data_from_exe_16[10]",
					"strict" : false
				},
				{
					"name" : "data_from_exe_16[11]",
					"strict" : false
				},
				{
					"name" : "data_from_exe_16[12]",
					"strict" : false
				},
				{
					"name" : "data_from_exe_16[13]",
					"strict" : false
				},
				{
					"name" : "data_from_exe_16[14]",
					"strict" : false
				},
				{
					"name" : "data_from_exe_16[15]",
					"strict" : false
				},
				{
					"name" : "clk",
					"strict" : false
				},
				{
					"name" : "immediate_7[5]",
					"strict" : false
				},
				{
					"name" : "immediate_7[4]",
					"strict" : false
				},
				{
					"name" : "immediate_7[1]",
					"strict" : false
				},
				{
					"name" : "immediate_7[0]",
					"strict" : false
				},
				{
					"name" : "immediate_7[3]",
					"strict" : false
				},
				{
					"name" : "immediate_7[2]",
					"strict" : false
				}
			]
		}
	]
}