{
	"partitions" : [
		{
			"name" : "Top",
			"pins" : [
				{
					"name" : "data_out[0]",
					"strict" : false
				},
				{
					"name" : "data_out[1]",
					"strict" : false
				},
				{
					"name" : "data_out[2]",
					"strict" : false
				},
				{
					"name" : "data_out[3]",
					"strict" : false
				},
				{
					"name" : "data_out[4]",
					"strict" : false
				},
				{
					"name" : "data_out[5]",
					"strict" : false
				},
				{
					"name" : "data_out[6]",
					"strict" : false
				},
				{
					"name" : "data_out[7]",
					"strict" : false
				},
				{
					"name" : "data_out[8]",
					"strict" : false
				},
				{
					"name" : "data_out[9]",
					"strict" : false
				},
				{
					"name" : "data_out[10]",
					"strict" : false
				},
				{
					"name" : "data_out[11]",
					"strict" : false
				},
				{
					"name" : "data_out[12]",
					"strict" : false
				},
				{
					"name" : "data_out[13]",
					"strict" : false
				},
				{
					"name" : "data_out[14]",
					"strict" : false
				},
				{
					"name" : "data_out[15]",
					"strict" : false
				},
				{
					"name" : "address[10]",
					"strict" : false
				},
				{
					"name" : "address[9]",
					"strict" : false
				},
				{
					"name" : "address[11]",
					"strict" : false
				},
				{
					"name" : "address[12]",
					"strict" : false
				},
				{
					"name" : "address[0]",
					"strict" : false
				},
				{
					"name" : "address[3]",
					"strict" : false
				},
				{
					"name" : "address[1]",
					"strict" : false
				},
				{
					"name" : "address[5]",
					"strict" : false
				},
				{
					"name" : "address[2]",
					"strict" : false
				},
				{
					"name" : "address[4]",
					"strict" : false
				},
				{
					"name" : "address[6]",
					"strict" : false
				},
				{
					"name" : "address[8]",
					"strict" : false
				},
				{
					"name" : "address[7]",
					"strict" : false
				},
				{
					"name" : "write_data[0]",
					"strict" : false
				},
				{
					"name" : "clk",
					"strict" : false
				},
				{
					"name" : "write_en",
					"strict" : false
				},
				{
					"name" : "write_data[1]",
					"strict" : false
				},
				{
					"name" : "write_data[2]",
					"strict" : false
				},
				{
					"name" : "write_data[3]",
					"strict" : false
				},
				{
					"name" : "write_data[4]",
					"strict" : false
				},
				{
					"name" : "write_data[5]",
					"strict" : false
				},
				{
					"name" : "write_data[6]",
					"strict" : false
				},
				{
					"name" : "write_data[7]",
					"strict" : false
				},
				{
					"name" : "write_data[8]",
					"strict" : false
				},
				{
					"name" : "write_data[9]",
					"strict" : false
				},
				{
					"name" : "write_data[10]",
					"strict" : false
				},
				{
					"name" : "write_data[11]",
					"strict" : false
				},
				{
					"name" : "write_data[12]",
					"strict" : false
				},
				{
					"name" : "write_data[13]",
					"strict" : false
				},
				{
					"name" : "write_data[14]",
					"strict" : false
				},
				{
					"name" : "write_data[15]",
					"strict" : false
				}
			]
		}
	]
}