{
	"partitions" : [
		{
			"name" : "Top",
			"pins" : [
				{
					"name" : "k[0]",
					"strict" : false
				},
				{
					"name" : "k[1]",
					"strict" : false
				},
				{
					"name" : "k[2]",
					"strict" : false
				},
				{
					"name" : "l[0]",
					"strict" : false
				},
				{
					"name" : "l[1]",
					"strict" : false
				},
				{
					"name" : "l[2]",
					"strict" : false
				},
				{
					"name" : "instr_mem_4[2]",
					"strict" : false
				},
				{
					"name" : "instr_mem_4[3]",
					"strict" : false
				},
				{
					"name" : "clk",
					"strict" : false
				},
				{
					"name" : "instr_mem_4[1]",
					"strict" : false
				},
				{
					"name" : "immediate_7[4]",
					"strict" : false
				},
				{
					"name" : "immediate_7[5]",
					"strict" : false
				},
				{
					"name" : "immediate_7[1]",
					"strict" : false
				},
				{
					"name" : "immediate_7[0]",
					"strict" : false
				},
				{
					"name" : "immediate_7[3]",
					"strict" : false
				},
				{
					"name" : "immediate_7[2]",
					"strict" : false
				}
			]
		}
	]
}