{
	"partitions" : [
		{
			"name" : "Top",
			"pins" : [
				{
					"name" : "freeze1",
					"strict" : false
				},
				{
					"name" : "freeze2",
					"strict" : false
				},
				{
					"name" : "instr_mem_4[2]",
					"strict" : false
				},
				{
					"name" : "instr_mem_4[3]",
					"strict" : false
				},
				{
					"name" : "k_mem_3[1]",
					"strict" : false
				},
				{
					"name" : "k_mem_3[2]",
					"strict" : false
				},
				{
					"name" : "source1_dec_address_3[2]",
					"strict" : false
				},
				{
					"name" : "dest_exe_address_3[2]",
					"strict" : false
				},
				{
					"name" : "source2_dec_address_3[2]",
					"strict" : false
				},
				{
					"name" : "source1_dec_address_3[0]",
					"strict" : false
				},
				{
					"name" : "dest_exe_address_3[0]",
					"strict" : false
				},
				{
					"name" : "source1_dec_address_3[1]",
					"strict" : false
				},
				{
					"name" : "dest_exe_address_3[1]",
					"strict" : false
				},
				{
					"name" : "cw_exe_bit5",
					"strict" : false
				},
				{
					"name" : "source2_dec_address_3[0]",
					"strict" : false
				},
				{
					"name" : "source2_dec_address_3[1]",
					"strict" : false
				}
			]
		}
	]
}