{
	"partitions" : [
		{
			"name" : "Top",
			"pins" : [
				{
					"name" : "pc_out_16[0]",
					"strict" : false
				},
				{
					"name" : "pc_out_16[1]",
					"strict" : false
				},
				{
					"name" : "pc_out_16[2]",
					"strict" : false
				},
				{
					"name" : "pc_out_16[3]",
					"strict" : false
				},
				{
					"name" : "pc_out_16[4]",
					"strict" : false
				},
				{
					"name" : "pc_out_16[5]",
					"strict" : false
				},
				{
					"name" : "pc_out_16[6]",
					"strict" : false
				},
				{
					"name" : "pc_out_16[7]",
					"strict" : false
				},
				{
					"name" : "pc_out_16[8]",
					"strict" : false
				},
				{
					"name" : "pc_out_16[9]",
					"strict" : false
				},
				{
					"name" : "pc_out_16[10]",
					"strict" : false
				},
				{
					"name" : "pc_out_16[11]",
					"strict" : false
				},
				{
					"name" : "pc_out_16[12]",
					"strict" : false
				},
				{
					"name" : "pc_out_16[13]",
					"strict" : false
				},
				{
					"name" : "pc_out_16[14]",
					"strict" : false
				},
				{
					"name" : "pc_out_16[15]",
					"strict" : false
				},
				{
					"name" : "clk",
					"strict" : false
				},
				{
					"name" : "pc_in_16[0]",
					"strict" : false
				},
				{
					"name" : "clr",
					"strict" : false
				},
				{
					"name" : "enable",
					"strict" : false
				},
				{
					"name" : "pc_in_16[1]",
					"strict" : false
				},
				{
					"name" : "pc_in_16[2]",
					"strict" : false
				},
				{
					"name" : "pc_in_16[3]",
					"strict" : false
				},
				{
					"name" : "pc_in_16[4]",
					"strict" : false
				},
				{
					"name" : "pc_in_16[5]",
					"strict" : false
				},
				{
					"name" : "pc_in_16[6]",
					"strict" : false
				},
				{
					"name" : "pc_in_16[7]",
					"strict" : false
				},
				{
					"name" : "pc_in_16[8]",
					"strict" : false
				},
				{
					"name" : "pc_in_16[9]",
					"strict" : false
				},
				{
					"name" : "pc_in_16[10]",
					"strict" : false
				},
				{
					"name" : "pc_in_16[11]",
					"strict" : false
				},
				{
					"name" : "pc_in_16[12]",
					"strict" : false
				},
				{
					"name" : "pc_in_16[13]",
					"strict" : false
				},
				{
					"name" : "pc_in_16[14]",
					"strict" : false
				},
				{
					"name" : "pc_in_16[15]",
					"strict" : false
				}
			]
		}
	]
}