{
	"partitions" : [
		{
			"name" : "Top",
			"pins" : [
				{
					"name" : "cw_decode_8[0]",
					"strict" : false
				},
				{
					"name" : "cw_decode_8[1]",
					"strict" : false
				},
				{
					"name" : "cw_decode_8[2]",
					"strict" : false
				},
				{
					"name" : "cw_decode_8[3]",
					"strict" : false
				},
				{
					"name" : "cw_decode_8[4]",
					"strict" : false
				},
				{
					"name" : "cw_decode_8[5]",
					"strict" : false
				},
				{
					"name" : "cw_decode_8[6]",
					"strict" : false
				},
				{
					"name" : "cw_decode_8[7]",
					"strict" : false
				},
				{
					"name" : "instr_decode_4[0]",
					"strict" : false
				},
				{
					"name" : "instr_decode_4[1]",
					"strict" : false
				},
				{
					"name" : "instr_decode_4[2]",
					"strict" : false
				},
				{
					"name" : "instr_decode_4[3]",
					"strict" : false
				}
			]
		}
	]
}