{
	"partitions" : [
		{
			"name" : "Top",
			"pins" : [
				{
					"name" : "mno[0]",
					"strict" : false
				},
				{
					"name" : "mno[1]",
					"strict" : false
				},
				{
					"name" : "mno[2]",
					"strict" : false
				},
				{
					"name" : "alu_out[14]",
					"strict" : false
				},
				{
					"name" : "alu_out[15]",
					"strict" : false
				},
				{
					"name" : "alu_out[8]",
					"strict" : false
				},
				{
					"name" : "alu_out[9]",
					"strict" : false
				},
				{
					"name" : "alu_out[10]",
					"strict" : false
				},
				{
					"name" : "alu_out[11]",
					"strict" : false
				},
				{
					"name" : "alu_out[12]",
					"strict" : false
				},
				{
					"name" : "alu_out[13]",
					"strict" : false
				},
				{
					"name" : "instr_exe_4[0]",
					"strict" : false
				},
				{
					"name" : "instr_exe_4[1]",
					"strict" : false
				},
				{
					"name" : "instr_exe_4[2]",
					"strict" : false
				},
				{
					"name" : "instr_exe_4[3]",
					"strict" : false
				},
				{
					"name" : "alu_out[0]",
					"strict" : false
				},
				{
					"name" : "alu_out[1]",
					"strict" : false
				},
				{
					"name" : "alu_out[2]",
					"strict" : false
				},
				{
					"name" : "alu_out[3]",
					"strict" : false
				},
				{
					"name" : "alu_out[4]",
					"strict" : false
				},
				{
					"name" : "alu_out[5]",
					"strict" : false
				},
				{
					"name" : "alu_out[6]",
					"strict" : false
				},
				{
					"name" : "alu_out[7]",
					"strict" : false
				},
				{
					"name" : "instr_decode_4[0]",
					"strict" : false
				},
				{
					"name" : "instr_decode_4[1]",
					"strict" : false
				},
				{
					"name" : "instr_decode_4[2]",
					"strict" : false
				},
				{
					"name" : "instr_decode_4[3]",
					"strict" : false
				}
			]
		}
	]
}