{
	"partitions" : [
		{
			"name" : "Top",
			"pins" : [
				{
					"name" : "out[0]",
					"strict" : false
				},
				{
					"name" : "out[1]",
					"strict" : false
				},
				{
					"name" : "out[2]",
					"strict" : false
				},
				{
					"name" : "out[3]",
					"strict" : false
				},
				{
					"name" : "out[4]",
					"strict" : false
				},
				{
					"name" : "out[5]",
					"strict" : false
				},
				{
					"name" : "out[6]",
					"strict" : false
				},
				{
					"name" : "out[7]",
					"strict" : false
				},
				{
					"name" : "out[8]",
					"strict" : false
				},
				{
					"name" : "out[9]",
					"strict" : false
				},
				{
					"name" : "out[10]",
					"strict" : false
				},
				{
					"name" : "out[11]",
					"strict" : false
				},
				{
					"name" : "out[12]",
					"strict" : false
				},
				{
					"name" : "out[13]",
					"strict" : false
				},
				{
					"name" : "out[14]",
					"strict" : false
				},
				{
					"name" : "out[15]",
					"strict" : false
				},
				{
					"name" : "in1[0]",
					"strict" : false
				},
				{
					"name" : "in2[0]",
					"strict" : false
				},
				{
					"name" : "in3[0]",
					"strict" : false
				},
				{
					"name" : "in4[0]",
					"strict" : false
				},
				{
					"name" : "sel[0]",
					"strict" : false
				},
				{
					"name" : "sel[1]",
					"strict" : false
				},
				{
					"name" : "in1[1]",
					"strict" : false
				},
				{
					"name" : "in2[1]",
					"strict" : false
				},
				{
					"name" : "in3[1]",
					"strict" : false
				},
				{
					"name" : "in4[1]",
					"strict" : false
				},
				{
					"name" : "in1[2]",
					"strict" : false
				},
				{
					"name" : "in2[2]",
					"strict" : false
				},
				{
					"name" : "in3[2]",
					"strict" : false
				},
				{
					"name" : "in4[2]",
					"strict" : false
				},
				{
					"name" : "in1[3]",
					"strict" : false
				},
				{
					"name" : "in2[3]",
					"strict" : false
				},
				{
					"name" : "in3[3]",
					"strict" : false
				},
				{
					"name" : "in4[3]",
					"strict" : false
				},
				{
					"name" : "in1[4]",
					"strict" : false
				},
				{
					"name" : "in2[4]",
					"strict" : false
				},
				{
					"name" : "in3[4]",
					"strict" : false
				},
				{
					"name" : "in4[4]",
					"strict" : false
				},
				{
					"name" : "in1[5]",
					"strict" : false
				},
				{
					"name" : "in2[5]",
					"strict" : false
				},
				{
					"name" : "in3[5]",
					"strict" : false
				},
				{
					"name" : "in4[5]",
					"strict" : false
				},
				{
					"name" : "in1[6]",
					"strict" : false
				},
				{
					"name" : "in2[6]",
					"strict" : false
				},
				{
					"name" : "in3[6]",
					"strict" : false
				},
				{
					"name" : "in4[6]",
					"strict" : false
				},
				{
					"name" : "in1[7]",
					"strict" : false
				},
				{
					"name" : "in2[7]",
					"strict" : false
				},
				{
					"name" : "in3[7]",
					"strict" : false
				},
				{
					"name" : "in4[7]",
					"strict" : false
				},
				{
					"name" : "in1[8]",
					"strict" : false
				},
				{
					"name" : "in2[8]",
					"strict" : false
				},
				{
					"name" : "in3[8]",
					"strict" : false
				},
				{
					"name" : "in4[8]",
					"strict" : false
				},
				{
					"name" : "in1[9]",
					"strict" : false
				},
				{
					"name" : "in2[9]",
					"strict" : false
				},
				{
					"name" : "in3[9]",
					"strict" : false
				},
				{
					"name" : "in4[9]",
					"strict" : false
				},
				{
					"name" : "in1[10]",
					"strict" : false
				},
				{
					"name" : "in2[10]",
					"strict" : false
				},
				{
					"name" : "in3[10]",
					"strict" : false
				},
				{
					"name" : "in4[10]",
					"strict" : false
				},
				{
					"name" : "in1[11]",
					"strict" : false
				},
				{
					"name" : "in2[11]",
					"strict" : false
				},
				{
					"name" : "in3[11]",
					"strict" : false
				},
				{
					"name" : "in4[11]",
					"strict" : false
				},
				{
					"name" : "in1[12]",
					"strict" : false
				},
				{
					"name" : "in2[12]",
					"strict" : false
				},
				{
					"name" : "in3[12]",
					"strict" : false
				},
				{
					"name" : "in4[12]",
					"strict" : false
				},
				{
					"name" : "in1[13]",
					"strict" : false
				},
				{
					"name" : "in2[13]",
					"strict" : false
				},
				{
					"name" : "in3[13]",
					"strict" : false
				},
				{
					"name" : "in4[13]",
					"strict" : false
				},
				{
					"name" : "in1[14]",
					"strict" : false
				},
				{
					"name" : "in2[14]",
					"strict" : false
				},
				{
					"name" : "in3[14]",
					"strict" : false
				},
				{
					"name" : "in4[14]",
					"strict" : false
				},
				{
					"name" : "in1[15]",
					"strict" : false
				},
				{
					"name" : "in2[15]",
					"strict" : false
				},
				{
					"name" : "in3[15]",
					"strict" : false
				},
				{
					"name" : "in4[15]",
					"strict" : false
				}
			]
		}
	]
}