{
	"partitions" : [
		{
			"name" : "Top",
			"pins" : [
				{
					"name" : "pc_mem_16[0]",
					"strict" : false
				},
				{
					"name" : "pc_mem_16[1]",
					"strict" : false
				},
				{
					"name" : "pc_mem_16[2]",
					"strict" : false
				},
				{
					"name" : "pc_mem_16[3]",
					"strict" : false
				},
				{
					"name" : "pc_mem_16[4]",
					"strict" : false
				},
				{
					"name" : "pc_mem_16[5]",
					"strict" : false
				},
				{
					"name" : "pc_mem_16[6]",
					"strict" : false
				},
				{
					"name" : "pc_mem_16[7]",
					"strict" : false
				},
				{
					"name" : "pc_mem_16[8]",
					"strict" : false
				},
				{
					"name" : "pc_mem_16[9]",
					"strict" : false
				},
				{
					"name" : "pc_mem_16[10]",
					"strict" : false
				},
				{
					"name" : "pc_mem_16[11]",
					"strict" : false
				},
				{
					"name" : "pc_mem_16[12]",
					"strict" : false
				},
				{
					"name" : "pc_mem_16[13]",
					"strict" : false
				},
				{
					"name" : "pc_mem_16[14]",
					"strict" : false
				},
				{
					"name" : "pc_mem_16[15]",
					"strict" : false
				},
				{
					"name" : "instr_mem_16[0]",
					"strict" : false
				},
				{
					"name" : "instr_mem_16[1]",
					"strict" : false
				},
				{
					"name" : "instr_mem_16[2]",
					"strict" : false
				},
				{
					"name" : "instr_mem_16[3]",
					"strict" : false
				},
				{
					"name" : "instr_mem_16[4]",
					"strict" : false
				},
				{
					"name" : "instr_mem_16[5]",
					"strict" : false
				},
				{
					"name" : "instr_mem_16[6]",
					"strict" : false
				},
				{
					"name" : "instr_mem_16[7]",
					"strict" : false
				},
				{
					"name" : "instr_mem_16[8]",
					"strict" : false
				},
				{
					"name" : "instr_mem_16[9]",
					"strict" : false
				},
				{
					"name" : "instr_mem_16[10]",
					"strict" : false
				},
				{
					"name" : "instr_mem_16[11]",
					"strict" : false
				},
				{
					"name" : "instr_mem_16[12]",
					"strict" : false
				},
				{
					"name" : "instr_mem_16[13]",
					"strict" : false
				},
				{
					"name" : "instr_mem_16[14]",
					"strict" : false
				},
				{
					"name" : "instr_mem_16[15]",
					"strict" : false
				},
				{
					"name" : "cw_mem_8[0]",
					"strict" : false
				},
				{
					"name" : "cw_mem_8[1]",
					"strict" : false
				},
				{
					"name" : "cw_mem_8[2]",
					"strict" : false
				},
				{
					"name" : "cw_mem_8[3]",
					"strict" : false
				},
				{
					"name" : "cw_mem_8[4]",
					"strict" : false
				},
				{
					"name" : "cw_mem_8[5]",
					"strict" : false
				},
				{
					"name" : "cw_mem_8[6]",
					"strict" : false
				},
				{
					"name" : "cw_mem_8[7]",
					"strict" : false
				},
				{
					"name" : "in_mem_16[0]",
					"strict" : false
				},
				{
					"name" : "in_mem_16[1]",
					"strict" : false
				},
				{
					"name" : "in_mem_16[2]",
					"strict" : false
				},
				{
					"name" : "in_mem_16[3]",
					"strict" : false
				},
				{
					"name" : "in_mem_16[4]",
					"strict" : false
				},
				{
					"name" : "in_mem_16[5]",
					"strict" : false
				},
				{
					"name" : "in_mem_16[6]",
					"strict" : false
				},
				{
					"name" : "in_mem_16[7]",
					"strict" : false
				},
				{
					"name" : "in_mem_16[8]",
					"strict" : false
				},
				{
					"name" : "in_mem_16[9]",
					"strict" : false
				},
				{
					"name" : "in_mem_16[10]",
					"strict" : false
				},
				{
					"name" : "in_mem_16[11]",
					"strict" : false
				},
				{
					"name" : "in_mem_16[12]",
					"strict" : false
				},
				{
					"name" : "in_mem_16[13]",
					"strict" : false
				},
				{
					"name" : "in_mem_16[14]",
					"strict" : false
				},
				{
					"name" : "in_mem_16[15]",
					"strict" : false
				},
				{
					"name" : "ra_mem_16[0]",
					"strict" : false
				},
				{
					"name" : "ra_mem_16[1]",
					"strict" : false
				},
				{
					"name" : "ra_mem_16[2]",
					"strict" : false
				},
				{
					"name" : "ra_mem_16[3]",
					"strict" : false
				},
				{
					"name" : "ra_mem_16[4]",
					"strict" : false
				},
				{
					"name" : "ra_mem_16[5]",
					"strict" : false
				},
				{
					"name" : "ra_mem_16[6]",
					"strict" : false
				},
				{
					"name" : "ra_mem_16[7]",
					"strict" : false
				},
				{
					"name" : "ra_mem_16[8]",
					"strict" : false
				},
				{
					"name" : "ra_mem_16[9]",
					"strict" : false
				},
				{
					"name" : "ra_mem_16[10]",
					"strict" : false
				},
				{
					"name" : "ra_mem_16[11]",
					"strict" : false
				},
				{
					"name" : "ra_mem_16[12]",
					"strict" : false
				},
				{
					"name" : "ra_mem_16[13]",
					"strict" : false
				},
				{
					"name" : "ra_mem_16[14]",
					"strict" : false
				},
				{
					"name" : "ra_mem_16[15]",
					"strict" : false
				},
				{
					"name" : "dest_mem_3[0]",
					"strict" : false
				},
				{
					"name" : "dest_mem_3[1]",
					"strict" : false
				},
				{
					"name" : "dest_mem_3[2]",
					"strict" : false
				},
				{
					"name" : "clk",
					"strict" : false
				},
				{
					"name" : "pc_exe_16[0]",
					"strict" : false
				},
				{
					"name" : "clr",
					"strict" : false
				},
				{
					"name" : "enable",
					"strict" : false
				},
				{
					"name" : "pc_exe_16[1]",
					"strict" : false
				},
				{
					"name" : "pc_exe_16[2]",
					"strict" : false
				},
				{
					"name" : "pc_exe_16[3]",
					"strict" : false
				},
				{
					"name" : "pc_exe_16[4]",
					"strict" : false
				},
				{
					"name" : "pc_exe_16[5]",
					"strict" : false
				},
				{
					"name" : "pc_exe_16[6]",
					"strict" : false
				},
				{
					"name" : "pc_exe_16[7]",
					"strict" : false
				},
				{
					"name" : "pc_exe_16[8]",
					"strict" : false
				},
				{
					"name" : "pc_exe_16[9]",
					"strict" : false
				},
				{
					"name" : "pc_exe_16[10]",
					"strict" : false
				},
				{
					"name" : "pc_exe_16[11]",
					"strict" : false
				},
				{
					"name" : "pc_exe_16[12]",
					"strict" : false
				},
				{
					"name" : "pc_exe_16[13]",
					"strict" : false
				},
				{
					"name" : "pc_exe_16[14]",
					"strict" : false
				},
				{
					"name" : "pc_exe_16[15]",
					"strict" : false
				},
				{
					"name" : "instr_exe_16[0]",
					"strict" : false
				},
				{
					"name" : "instr_exe_16[1]",
					"strict" : false
				},
				{
					"name" : "instr_exe_16[2]",
					"strict" : false
				},
				{
					"name" : "instr_exe_16[3]",
					"strict" : false
				},
				{
					"name" : "instr_exe_16[4]",
					"strict" : false
				},
				{
					"name" : "instr_exe_16[5]",
					"strict" : false
				},
				{
					"name" : "instr_exe_16[6]",
					"strict" : false
				},
				{
					"name" : "instr_exe_16[7]",
					"strict" : false
				},
				{
					"name" : "instr_exe_16[8]",
					"strict" : false
				},
				{
					"name" : "instr_exe_16[9]",
					"strict" : false
				},
				{
					"name" : "instr_exe_16[10]",
					"strict" : false
				},
				{
					"name" : "instr_exe_16[11]",
					"strict" : false
				},
				{
					"name" : "instr_exe_16[12]",
					"strict" : false
				},
				{
					"name" : "instr_exe_16[13]",
					"strict" : false
				},
				{
					"name" : "instr_exe_16[14]",
					"strict" : false
				},
				{
					"name" : "instr_exe_16[15]",
					"strict" : false
				},
				{
					"name" : "cw_exe_8[0]",
					"strict" : false
				},
				{
					"name" : "cw_exe_8[1]",
					"strict" : false
				},
				{
					"name" : "cw_exe_8[2]",
					"strict" : false
				},
				{
					"name" : "cw_exe_8[3]",
					"strict" : false
				},
				{
					"name" : "cw_exe_8[4]",
					"strict" : false
				},
				{
					"name" : "cw_exe_8[5]",
					"strict" : false
				},
				{
					"name" : "cw_exe_8[6]",
					"strict" : false
				},
				{
					"name" : "cw_exe_8[7]",
					"strict" : false
				},
				{
					"name" : "in_exe_16[0]",
					"strict" : false
				},
				{
					"name" : "in_exe_16[1]",
					"strict" : false
				},
				{
					"name" : "in_exe_16[2]",
					"strict" : false
				},
				{
					"name" : "in_exe_16[3]",
					"strict" : false
				},
				{
					"name" : "in_exe_16[4]",
					"strict" : false
				},
				{
					"name" : "in_exe_16[5]",
					"strict" : false
				},
				{
					"name" : "in_exe_16[6]",
					"strict" : false
				},
				{
					"name" : "in_exe_16[7]",
					"strict" : false
				},
				{
					"name" : "in_exe_16[8]",
					"strict" : false
				},
				{
					"name" : "in_exe_16[9]",
					"strict" : false
				},
				{
					"name" : "in_exe_16[10]",
					"strict" : false
				},
				{
					"name" : "in_exe_16[11]",
					"strict" : false
				},
				{
					"name" : "in_exe_16[12]",
					"strict" : false
				},
				{
					"name" : "in_exe_16[13]",
					"strict" : false
				},
				{
					"name" : "in_exe_16[14]",
					"strict" : false
				},
				{
					"name" : "in_exe_16[15]",
					"strict" : false
				},
				{
					"name" : "ra_exe_16[0]",
					"strict" : false
				},
				{
					"name" : "ra_exe_16[1]",
					"strict" : false
				},
				{
					"name" : "ra_exe_16[2]",
					"strict" : false
				},
				{
					"name" : "ra_exe_16[3]",
					"strict" : false
				},
				{
					"name" : "ra_exe_16[4]",
					"strict" : false
				},
				{
					"name" : "ra_exe_16[5]",
					"strict" : false
				},
				{
					"name" : "ra_exe_16[6]",
					"strict" : false
				},
				{
					"name" : "ra_exe_16[7]",
					"strict" : false
				},
				{
					"name" : "ra_exe_16[8]",
					"strict" : false
				},
				{
					"name" : "ra_exe_16[9]",
					"strict" : false
				},
				{
					"name" : "ra_exe_16[10]",
					"strict" : false
				},
				{
					"name" : "ra_exe_16[11]",
					"strict" : false
				},
				{
					"name" : "ra_exe_16[12]",
					"strict" : false
				},
				{
					"name" : "ra_exe_16[13]",
					"strict" : false
				},
				{
					"name" : "ra_exe_16[14]",
					"strict" : false
				},
				{
					"name" : "ra_exe_16[15]",
					"strict" : false
				},
				{
					"name" : "dest_exe_3[0]",
					"strict" : false
				},
				{
					"name" : "dest_exe_3[1]",
					"strict" : false
				},
				{
					"name" : "dest_exe_3[2]",
					"strict" : false
				}
			]
		}
	]
}