{
	"partitions" : [
		{
			"name" : "Top",
			"pins" : [
				{
					"name" : "instr_f[1]",
					"strict" : false
				},
				{
					"name" : "instr_f[4]",
					"strict" : false
				},
				{
					"name" : "instr_f[5]",
					"strict" : false
				},
				{
					"name" : "instr_f[6]",
					"strict" : false
				},
				{
					"name" : "instr_f[8]",
					"strict" : false
				},
				{
					"name" : "instr_f[9]",
					"strict" : false
				},
				{
					"name" : "instr_f[11]",
					"strict" : false
				},
				{
					"name" : "instr_f[12]",
					"strict" : false
				},
				{
					"name" : "instr_f[13]",
					"strict" : false
				},
				{
					"name" : "instr_f[14]",
					"strict" : false
				},
				{
					"name" : "instr_f[15]",
					"strict" : false
				},
				{
					"name" : "instr_d[15]",
					"strict" : false
				},
				{
					"name" : "instr_d[14]",
					"strict" : false
				},
				{
					"name" : "instr_d[13]",
					"strict" : false
				},
				{
					"name" : "instr_d[12]",
					"strict" : false
				},
				{
					"name" : "alu_out[12]",
					"strict" : false
				},
				{
					"name" : "alu_out[13]",
					"strict" : false
				},
				{
					"name" : "alu_out[14]",
					"strict" : false
				},
				{
					"name" : "alu_out[15]",
					"strict" : false
				},
				{
					"name" : "instr_exe[12]",
					"strict" : false
				},
				{
					"name" : "instr_exe[13]",
					"strict" : false
				},
				{
					"name" : "instr_exe[14]",
					"strict" : false
				},
				{
					"name" : "instr_exe[15]",
					"strict" : false
				},
				{
					"name" : "alu_out[0]",
					"strict" : false
				},
				{
					"name" : "alu_out[1]",
					"strict" : false
				},
				{
					"name" : "alu_out[2]",
					"strict" : false
				},
				{
					"name" : "alu_out[3]",
					"strict" : false
				},
				{
					"name" : "alu_out[4]",
					"strict" : false
				},
				{
					"name" : "alu_out[5]",
					"strict" : false
				},
				{
					"name" : "alu_out[6]",
					"strict" : false
				},
				{
					"name" : "alu_out[7]",
					"strict" : false
				},
				{
					"name" : "alu_out[8]",
					"strict" : false
				},
				{
					"name" : "alu_out[9]",
					"strict" : false
				},
				{
					"name" : "alu_out[10]",
					"strict" : false
				},
				{
					"name" : "alu_out[11]",
					"strict" : false
				},
				{
					"name" : "clk",
					"strict" : false
				},
				{
					"name" : "pc_d[1]",
					"strict" : false
				},
				{
					"name" : "pc_exe[1]",
					"strict" : false
				},
				{
					"name" : "ra_d[1]",
					"strict" : false
				},
				{
					"name" : "instr_d[1]",
					"strict" : false
				},
				{
					"name" : "instr_exe[1]",
					"strict" : false
				},
				{
					"name" : "pc_d[0]",
					"strict" : false
				},
				{
					"name" : "pc_exe[0]",
					"strict" : false
				},
				{
					"name" : "ra_d[0]",
					"strict" : false
				},
				{
					"name" : "instr_d[0]",
					"strict" : false
				},
				{
					"name" : "instr_exe[0]",
					"strict" : false
				},
				{
					"name" : "rb_d[1]",
					"strict" : false
				},
				{
					"name" : "clr",
					"strict" : false
				},
				{
					"name" : "e_bar",
					"strict" : false
				},
				{
					"name" : "pc_exe[2]",
					"strict" : false
				},
				{
					"name" : "pc_d[2]",
					"strict" : false
				},
				{
					"name" : "ra_d[2]",
					"strict" : false
				},
				{
					"name" : "instr_d[2]",
					"strict" : false
				},
				{
					"name" : "instr_exe[2]",
					"strict" : false
				},
				{
					"name" : "rb_d[2]",
					"strict" : false
				},
				{
					"name" : "rb_d[0]",
					"strict" : false
				}
			]
		}
	]
}