{
	"partitions" : [
		{
			"name" : "Top",
			"pins" : [
				{
					"name" : "lm[0]",
					"strict" : false
				},
				{
					"name" : "lm[1]",
					"strict" : false
				},
				{
					"name" : "source_address[2]",
					"strict" : false
				},
				{
					"name" : "dest_address_exe[2]",
					"strict" : false
				},
				{
					"name" : "dest_address_mem[2]",
					"strict" : false
				},
				{
					"name" : "dest_address_wb[2]",
					"strict" : false
				},
				{
					"name" : "source_address[0]",
					"strict" : false
				},
				{
					"name" : "source_address[1]",
					"strict" : false
				},
				{
					"name" : "v_mem",
					"strict" : false
				},
				{
					"name" : "dest_address_mem[0]",
					"strict" : false
				},
				{
					"name" : "dest_address_mem[1]",
					"strict" : false
				},
				{
					"name" : "v_wb",
					"strict" : false
				},
				{
					"name" : "dest_address_wb[0]",
					"strict" : false
				},
				{
					"name" : "dest_address_wb[1]",
					"strict" : false
				},
				{
					"name" : "v_exe",
					"strict" : false
				},
				{
					"name" : "dest_address_exe[0]",
					"strict" : false
				},
				{
					"name" : "dest_address_exe[1]",
					"strict" : false
				}
			]
		}
	]
}