{
	"partitions" : [
		{
			"name" : "Top",
			"pins" : [
				{
					"name" : "pc_out[0]",
					"strict" : false
				},
				{
					"name" : "pc_out[1]",
					"strict" : false
				},
				{
					"name" : "pc_out[2]",
					"strict" : false
				},
				{
					"name" : "pc_out[3]",
					"strict" : false
				},
				{
					"name" : "pc_out[4]",
					"strict" : false
				},
				{
					"name" : "pc_out[5]",
					"strict" : false
				},
				{
					"name" : "pc_out[6]",
					"strict" : false
				},
				{
					"name" : "pc_out[7]",
					"strict" : false
				},
				{
					"name" : "pc_out[8]",
					"strict" : false
				},
				{
					"name" : "pc_out[9]",
					"strict" : false
				},
				{
					"name" : "pc_out[10]",
					"strict" : false
				},
				{
					"name" : "pc_out[11]",
					"strict" : false
				},
				{
					"name" : "pc_out[12]",
					"strict" : false
				},
				{
					"name" : "pc_out[13]",
					"strict" : false
				},
				{
					"name" : "pc_out[14]",
					"strict" : false
				},
				{
					"name" : "pc_out[15]",
					"strict" : false
				},
				{
					"name" : "next_pc_normal[0]",
					"strict" : false
				},
				{
					"name" : "mno[0]",
					"strict" : false
				},
				{
					"name" : "mno[1]",
					"strict" : false
				},
				{
					"name" : "mno[2]",
					"strict" : false
				},
				{
					"name" : "next_pc_jri[0]",
					"strict" : false
				},
				{
					"name" : "next_pc_jal[0]",
					"strict" : false
				},
				{
					"name" : "next_pc_beq[0]",
					"strict" : false
				},
				{
					"name" : "next_pc_jlr[0]",
					"strict" : false
				},
				{
					"name" : "next_pc_normal[1]",
					"strict" : false
				},
				{
					"name" : "next_pc_jri[1]",
					"strict" : false
				},
				{
					"name" : "next_pc_jal[1]",
					"strict" : false
				},
				{
					"name" : "next_pc_beq[1]",
					"strict" : false
				},
				{
					"name" : "next_pc_jlr[1]",
					"strict" : false
				},
				{
					"name" : "next_pc_normal[2]",
					"strict" : false
				},
				{
					"name" : "next_pc_jri[2]",
					"strict" : false
				},
				{
					"name" : "next_pc_jal[2]",
					"strict" : false
				},
				{
					"name" : "next_pc_beq[2]",
					"strict" : false
				},
				{
					"name" : "next_pc_jlr[2]",
					"strict" : false
				},
				{
					"name" : "next_pc_normal[3]",
					"strict" : false
				},
				{
					"name" : "next_pc_jri[3]",
					"strict" : false
				},
				{
					"name" : "next_pc_jal[3]",
					"strict" : false
				},
				{
					"name" : "next_pc_beq[3]",
					"strict" : false
				},
				{
					"name" : "next_pc_jlr[3]",
					"strict" : false
				},
				{
					"name" : "next_pc_normal[4]",
					"strict" : false
				},
				{
					"name" : "next_pc_jri[4]",
					"strict" : false
				},
				{
					"name" : "next_pc_jal[4]",
					"strict" : false
				},
				{
					"name" : "next_pc_beq[4]",
					"strict" : false
				},
				{
					"name" : "next_pc_jlr[4]",
					"strict" : false
				},
				{
					"name" : "next_pc_normal[5]",
					"strict" : false
				},
				{
					"name" : "next_pc_jri[5]",
					"strict" : false
				},
				{
					"name" : "next_pc_jal[5]",
					"strict" : false
				},
				{
					"name" : "next_pc_beq[5]",
					"strict" : false
				},
				{
					"name" : "next_pc_jlr[5]",
					"strict" : false
				},
				{
					"name" : "next_pc_normal[6]",
					"strict" : false
				},
				{
					"name" : "next_pc_jri[6]",
					"strict" : false
				},
				{
					"name" : "next_pc_jal[6]",
					"strict" : false
				},
				{
					"name" : "next_pc_beq[6]",
					"strict" : false
				},
				{
					"name" : "next_pc_jlr[6]",
					"strict" : false
				},
				{
					"name" : "next_pc_normal[7]",
					"strict" : false
				},
				{
					"name" : "next_pc_jri[7]",
					"strict" : false
				},
				{
					"name" : "next_pc_jal[7]",
					"strict" : false
				},
				{
					"name" : "next_pc_beq[7]",
					"strict" : false
				},
				{
					"name" : "next_pc_jlr[7]",
					"strict" : false
				},
				{
					"name" : "next_pc_normal[8]",
					"strict" : false
				},
				{
					"name" : "next_pc_jri[8]",
					"strict" : false
				},
				{
					"name" : "next_pc_jal[8]",
					"strict" : false
				},
				{
					"name" : "next_pc_beq[8]",
					"strict" : false
				},
				{
					"name" : "next_pc_jlr[8]",
					"strict" : false
				},
				{
					"name" : "next_pc_normal[9]",
					"strict" : false
				},
				{
					"name" : "next_pc_jri[9]",
					"strict" : false
				},
				{
					"name" : "next_pc_jal[9]",
					"strict" : false
				},
				{
					"name" : "next_pc_beq[9]",
					"strict" : false
				},
				{
					"name" : "next_pc_jlr[9]",
					"strict" : false
				},
				{
					"name" : "next_pc_normal[10]",
					"strict" : false
				},
				{
					"name" : "next_pc_jri[10]",
					"strict" : false
				},
				{
					"name" : "next_pc_jal[10]",
					"strict" : false
				},
				{
					"name" : "next_pc_beq[10]",
					"strict" : false
				},
				{
					"name" : "next_pc_jlr[10]",
					"strict" : false
				},
				{
					"name" : "next_pc_normal[11]",
					"strict" : false
				},
				{
					"name" : "next_pc_jri[11]",
					"strict" : false
				},
				{
					"name" : "next_pc_jal[11]",
					"strict" : false
				},
				{
					"name" : "next_pc_beq[11]",
					"strict" : false
				},
				{
					"name" : "next_pc_jlr[11]",
					"strict" : false
				},
				{
					"name" : "next_pc_normal[12]",
					"strict" : false
				},
				{
					"name" : "next_pc_jri[12]",
					"strict" : false
				},
				{
					"name" : "next_pc_jal[12]",
					"strict" : false
				},
				{
					"name" : "next_pc_beq[12]",
					"strict" : false
				},
				{
					"name" : "next_pc_jlr[12]",
					"strict" : false
				},
				{
					"name" : "next_pc_normal[13]",
					"strict" : false
				},
				{
					"name" : "next_pc_jri[13]",
					"strict" : false
				},
				{
					"name" : "next_pc_jal[13]",
					"strict" : false
				},
				{
					"name" : "next_pc_beq[13]",
					"strict" : false
				},
				{
					"name" : "next_pc_jlr[13]",
					"strict" : false
				},
				{
					"name" : "next_pc_normal[14]",
					"strict" : false
				},
				{
					"name" : "next_pc_jri[14]",
					"strict" : false
				},
				{
					"name" : "next_pc_jal[14]",
					"strict" : false
				},
				{
					"name" : "next_pc_beq[14]",
					"strict" : false
				},
				{
					"name" : "next_pc_jlr[14]",
					"strict" : false
				},
				{
					"name" : "next_pc_normal[15]",
					"strict" : false
				},
				{
					"name" : "next_pc_jri[15]",
					"strict" : false
				},
				{
					"name" : "next_pc_jal[15]",
					"strict" : false
				},
				{
					"name" : "next_pc_beq[15]",
					"strict" : false
				},
				{
					"name" : "next_pc_jlr[15]",
					"strict" : false
				}
			]
		}
	]
}