{
	"partitions" : [
		{
			"name" : "Top",
			"pins" : [
				{
					"name" : "pc_f[0]",
					"strict" : false
				},
				{
					"name" : "pc_f[1]",
					"strict" : false
				},
				{
					"name" : "pc_f[2]",
					"strict" : false
				},
				{
					"name" : "pc_f[3]",
					"strict" : false
				},
				{
					"name" : "pc_f[4]",
					"strict" : false
				},
				{
					"name" : "pc_f[5]",
					"strict" : false
				},
				{
					"name" : "pc_f[6]",
					"strict" : false
				},
				{
					"name" : "pc_f[7]",
					"strict" : false
				},
				{
					"name" : "pc_f[8]",
					"strict" : false
				},
				{
					"name" : "pc_f[9]",
					"strict" : false
				},
				{
					"name" : "pc_f[10]",
					"strict" : false
				},
				{
					"name" : "pc_f[11]",
					"strict" : false
				},
				{
					"name" : "pc_f[12]",
					"strict" : false
				},
				{
					"name" : "pc_f[13]",
					"strict" : false
				},
				{
					"name" : "pc_f[14]",
					"strict" : false
				},
				{
					"name" : "pc_f[15]",
					"strict" : false
				},
				{
					"name" : "pc_in[0]",
					"strict" : false
				},
				{
					"name" : "clk",
					"strict" : false
				},
				{
					"name" : "clr",
					"strict" : false
				},
				{
					"name" : "en",
					"strict" : false
				},
				{
					"name" : "pc_in[1]",
					"strict" : false
				},
				{
					"name" : "pc_in[2]",
					"strict" : false
				},
				{
					"name" : "pc_in[3]",
					"strict" : false
				},
				{
					"name" : "pc_in[4]",
					"strict" : false
				},
				{
					"name" : "pc_in[5]",
					"strict" : false
				},
				{
					"name" : "pc_in[6]",
					"strict" : false
				},
				{
					"name" : "pc_in[7]",
					"strict" : false
				},
				{
					"name" : "pc_in[8]",
					"strict" : false
				},
				{
					"name" : "pc_in[9]",
					"strict" : false
				},
				{
					"name" : "pc_in[10]",
					"strict" : false
				},
				{
					"name" : "pc_in[11]",
					"strict" : false
				},
				{
					"name" : "pc_in[12]",
					"strict" : false
				},
				{
					"name" : "pc_in[13]",
					"strict" : false
				},
				{
					"name" : "pc_in[14]",
					"strict" : false
				},
				{
					"name" : "pc_in[15]",
					"strict" : false
				}
			]
		}
	]
}