{
	"partitions" : [
		{
			"name" : "Top",
			"pins" : [
				{
					"name" : "dest_address[0]",
					"strict" : false
				},
				{
					"name" : "dest_address[1]",
					"strict" : false
				},
				{
					"name" : "dest_address[2]",
					"strict" : false
				},
				{
					"name" : "valid_bit",
					"strict" : false
				},
				{
					"name" : "instruction_x[3]",
					"strict" : false
				},
				{
					"name" : "instruction_x[6]",
					"strict" : false
				},
				{
					"name" : "instruction_x[9]",
					"strict" : false
				},
				{
					"name" : "k_mem[0]",
					"strict" : false
				},
				{
					"name" : "instruction_x[12]",
					"strict" : false
				},
				{
					"name" : "instruction_x[14]",
					"strict" : false
				},
				{
					"name" : "instruction_x[15]",
					"strict" : false
				},
				{
					"name" : "instruction_x[13]",
					"strict" : false
				},
				{
					"name" : "instruction_x[4]",
					"strict" : false
				},
				{
					"name" : "instruction_x[7]",
					"strict" : false
				},
				{
					"name" : "instruction_x[10]",
					"strict" : false
				},
				{
					"name" : "k_mem[1]",
					"strict" : false
				},
				{
					"name" : "instruction_x[5]",
					"strict" : false
				},
				{
					"name" : "instruction_x[8]",
					"strict" : false
				},
				{
					"name" : "instruction_x[11]",
					"strict" : false
				},
				{
					"name" : "k_mem[2]",
					"strict" : false
				}
			]
		}
	]
}