{
	"partitions" : [
		{
			"name" : "Top",
			"pins" : [
				{
					"name" : "cw_mem_after_sblock[0]",
					"strict" : false
				},
				{
					"name" : "cw_mem_after_sblock[1]",
					"strict" : false
				},
				{
					"name" : "cw_mem_after_sblock[2]",
					"strict" : false
				},
				{
					"name" : "cw_mem_after_sblock[3]",
					"strict" : false
				},
				{
					"name" : "cw_mem_after_sblock[4]",
					"strict" : false
				},
				{
					"name" : "cw_mem_after_sblock[5]",
					"strict" : false
				},
				{
					"name" : "cw_mem_after_sblock[6]",
					"strict" : false
				},
				{
					"name" : "cw_mem_after_sblock[7]",
					"strict" : false
				},
				{
					"name" : "cw_mem_before_sblock[0]",
					"strict" : false
				},
				{
					"name" : "k_mem[2]",
					"strict" : false
				},
				{
					"name" : "k_mem[0]",
					"strict" : false
				},
				{
					"name" : "k_mem[1]",
					"strict" : false
				},
				{
					"name" : "instr_mem[1]",
					"strict" : false
				},
				{
					"name" : "instr_mem[0]",
					"strict" : false
				},
				{
					"name" : "instr_mem[3]",
					"strict" : false
				},
				{
					"name" : "instr_mem[2]",
					"strict" : false
				},
				{
					"name" : "instr_mem[13]",
					"strict" : false
				},
				{
					"name" : "instr_mem[14]",
					"strict" : false
				},
				{
					"name" : "instr_mem[15]",
					"strict" : false
				},
				{
					"name" : "instr_mem[5]",
					"strict" : false
				},
				{
					"name" : "instr_mem[6]",
					"strict" : false
				},
				{
					"name" : "instr_mem[4]",
					"strict" : false
				},
				{
					"name" : "cw_mem_before_sblock[1]",
					"strict" : false
				},
				{
					"name" : "cw_mem_before_sblock[2]",
					"strict" : false
				},
				{
					"name" : "cw_mem_before_sblock[3]",
					"strict" : false
				},
				{
					"name" : "cw_mem_before_sblock[4]",
					"strict" : false
				},
				{
					"name" : "cw_mem_before_sblock[5]",
					"strict" : false
				},
				{
					"name" : "cw_mem_before_sblock[6]",
					"strict" : false
				},
				{
					"name" : "cw_mem_before_sblock[7]",
					"strict" : false
				}
			]
		}
	]
}