{
	"partitions" : [
		{
			"name" : "Top",
			"pins" : [
				{
					"name" : "instr_out[0]",
					"strict" : false
				},
				{
					"name" : "instr_out[4]",
					"strict" : false
				},
				{
					"name" : "instr_out[5]",
					"strict" : false
				},
				{
					"name" : "instr_out[6]",
					"strict" : false
				},
				{
					"name" : "instr_out[8]",
					"strict" : false
				},
				{
					"name" : "instr_out[9]",
					"strict" : false
				},
				{
					"name" : "instr_out[11]",
					"strict" : false
				},
				{
					"name" : "instr_out[12]",
					"strict" : false
				},
				{
					"name" : "instr_out[13]",
					"strict" : false
				},
				{
					"name" : "instr_out[15]",
					"strict" : false
				},
				{
					"name" : "address[1]",
					"strict" : false
				},
				{
					"name" : "address[2]",
					"strict" : false
				},
				{
					"name" : "address[0]",
					"strict" : false
				}
			]
		}
	]
}