{
	"partitions" : [
		{
			"name" : "Top",
			"pins" : [
				{
					"name" : "z_bit",
					"strict" : false
				},
				{
					"name" : "c_bit",
					"strict" : false
				},
				{
					"name" : "alu_out[0]",
					"strict" : false
				},
				{
					"name" : "alu_out[1]",
					"strict" : false
				},
				{
					"name" : "alu_out[2]",
					"strict" : false
				},
				{
					"name" : "alu_out[3]",
					"strict" : false
				},
				{
					"name" : "alu_out[4]",
					"strict" : false
				},
				{
					"name" : "alu_out[5]",
					"strict" : false
				},
				{
					"name" : "alu_out[6]",
					"strict" : false
				},
				{
					"name" : "alu_out[7]",
					"strict" : false
				},
				{
					"name" : "alu_out[8]",
					"strict" : false
				},
				{
					"name" : "alu_out[9]",
					"strict" : false
				},
				{
					"name" : "alu_out[10]",
					"strict" : false
				},
				{
					"name" : "alu_out[11]",
					"strict" : false
				},
				{
					"name" : "alu_out[12]",
					"strict" : false
				},
				{
					"name" : "alu_out[13]",
					"strict" : false
				},
				{
					"name" : "alu_out[14]",
					"strict" : false
				},
				{
					"name" : "alu_out[15]",
					"strict" : false
				},
				{
					"name" : "A_in[0]",
					"strict" : false
				},
				{
					"name" : "instr_exe_6bit[2]",
					"strict" : false
				},
				{
					"name" : "instr_exe_6bit[3]",
					"strict" : false
				},
				{
					"name" : "instr_exe_6bit[4]",
					"strict" : false
				},
				{
					"name" : "instr_exe_6bit[5]",
					"strict" : false
				},
				{
					"name" : "B_in[0]",
					"strict" : false
				},
				{
					"name" : "instr_exe_6bit[0]",
					"strict" : false
				},
				{
					"name" : "instr_exe_6bit[1]",
					"strict" : false
				},
				{
					"name" : "B_in[1]",
					"strict" : false
				},
				{
					"name" : "A_in[1]",
					"strict" : false
				},
				{
					"name" : "B_in[2]",
					"strict" : false
				},
				{
					"name" : "A_in[2]",
					"strict" : false
				},
				{
					"name" : "B_in[3]",
					"strict" : false
				},
				{
					"name" : "A_in[3]",
					"strict" : false
				},
				{
					"name" : "B_in[4]",
					"strict" : false
				},
				{
					"name" : "A_in[4]",
					"strict" : false
				},
				{
					"name" : "B_in[5]",
					"strict" : false
				},
				{
					"name" : "A_in[5]",
					"strict" : false
				},
				{
					"name" : "B_in[6]",
					"strict" : false
				},
				{
					"name" : "A_in[6]",
					"strict" : false
				},
				{
					"name" : "B_in[7]",
					"strict" : false
				},
				{
					"name" : "A_in[7]",
					"strict" : false
				},
				{
					"name" : "B_in[8]",
					"strict" : false
				},
				{
					"name" : "A_in[8]",
					"strict" : false
				},
				{
					"name" : "B_in[9]",
					"strict" : false
				},
				{
					"name" : "A_in[9]",
					"strict" : false
				},
				{
					"name" : "B_in[10]",
					"strict" : false
				},
				{
					"name" : "A_in[10]",
					"strict" : false
				},
				{
					"name" : "B_in[11]",
					"strict" : false
				},
				{
					"name" : "A_in[11]",
					"strict" : false
				},
				{
					"name" : "B_in[12]",
					"strict" : false
				},
				{
					"name" : "A_in[12]",
					"strict" : false
				},
				{
					"name" : "B_in[13]",
					"strict" : false
				},
				{
					"name" : "A_in[13]",
					"strict" : false
				},
				{
					"name" : "B_in[14]",
					"strict" : false
				},
				{
					"name" : "A_in[14]",
					"strict" : false
				},
				{
					"name" : "B_in[15]",
					"strict" : false
				},
				{
					"name" : "A_in[15]",
					"strict" : false
				}
			]
		}
	]
}