{
	"partitions" : [
		{
			"name" : "Top",
			"pins" : [
				{
					"name" : "instr_d_16[0]",
					"strict" : false
				},
				{
					"name" : "instr_d_16[1]",
					"strict" : false
				},
				{
					"name" : "instr_d_16[2]",
					"strict" : false
				},
				{
					"name" : "instr_d_16[3]",
					"strict" : false
				},
				{
					"name" : "instr_d_16[4]",
					"strict" : false
				},
				{
					"name" : "instr_d_16[5]",
					"strict" : false
				},
				{
					"name" : "instr_d_16[6]",
					"strict" : false
				},
				{
					"name" : "instr_d_16[7]",
					"strict" : false
				},
				{
					"name" : "instr_d_16[8]",
					"strict" : false
				},
				{
					"name" : "instr_d_16[9]",
					"strict" : false
				},
				{
					"name" : "instr_d_16[10]",
					"strict" : false
				},
				{
					"name" : "instr_d_16[11]",
					"strict" : false
				},
				{
					"name" : "instr_d_16[12]",
					"strict" : false
				},
				{
					"name" : "instr_d_16[13]",
					"strict" : false
				},
				{
					"name" : "instr_d_16[14]",
					"strict" : false
				},
				{
					"name" : "instr_d_16[15]",
					"strict" : false
				},
				{
					"name" : "pc_d_16[0]",
					"strict" : false
				},
				{
					"name" : "pc_d_16[1]",
					"strict" : false
				},
				{
					"name" : "pc_d_16[2]",
					"strict" : false
				},
				{
					"name" : "pc_d_16[3]",
					"strict" : false
				},
				{
					"name" : "pc_d_16[4]",
					"strict" : false
				},
				{
					"name" : "pc_d_16[5]",
					"strict" : false
				},
				{
					"name" : "pc_d_16[6]",
					"strict" : false
				},
				{
					"name" : "pc_d_16[7]",
					"strict" : false
				},
				{
					"name" : "pc_d_16[8]",
					"strict" : false
				},
				{
					"name" : "pc_d_16[9]",
					"strict" : false
				},
				{
					"name" : "pc_d_16[10]",
					"strict" : false
				},
				{
					"name" : "pc_d_16[11]",
					"strict" : false
				},
				{
					"name" : "pc_d_16[12]",
					"strict" : false
				},
				{
					"name" : "pc_d_16[13]",
					"strict" : false
				},
				{
					"name" : "pc_d_16[14]",
					"strict" : false
				},
				{
					"name" : "pc_d_16[15]",
					"strict" : false
				},
				{
					"name" : "clk",
					"strict" : false
				},
				{
					"name" : "instr_f_16[0]",
					"strict" : false
				},
				{
					"name" : "clr",
					"strict" : false
				},
				{
					"name" : "enable",
					"strict" : false
				},
				{
					"name" : "instr_f_16[1]",
					"strict" : false
				},
				{
					"name" : "instr_f_16[2]",
					"strict" : false
				},
				{
					"name" : "instr_f_16[3]",
					"strict" : false
				},
				{
					"name" : "instr_f_16[4]",
					"strict" : false
				},
				{
					"name" : "instr_f_16[5]",
					"strict" : false
				},
				{
					"name" : "instr_f_16[6]",
					"strict" : false
				},
				{
					"name" : "instr_f_16[7]",
					"strict" : false
				},
				{
					"name" : "instr_f_16[8]",
					"strict" : false
				},
				{
					"name" : "instr_f_16[9]",
					"strict" : false
				},
				{
					"name" : "instr_f_16[10]",
					"strict" : false
				},
				{
					"name" : "instr_f_16[11]",
					"strict" : false
				},
				{
					"name" : "instr_f_16[12]",
					"strict" : false
				},
				{
					"name" : "instr_f_16[13]",
					"strict" : false
				},
				{
					"name" : "instr_f_16[14]",
					"strict" : false
				},
				{
					"name" : "instr_f_16[15]",
					"strict" : false
				},
				{
					"name" : "pc_f_16[0]",
					"strict" : false
				},
				{
					"name" : "pc_f_16[1]",
					"strict" : false
				},
				{
					"name" : "pc_f_16[2]",
					"strict" : false
				},
				{
					"name" : "pc_f_16[3]",
					"strict" : false
				},
				{
					"name" : "pc_f_16[4]",
					"strict" : false
				},
				{
					"name" : "pc_f_16[5]",
					"strict" : false
				},
				{
					"name" : "pc_f_16[6]",
					"strict" : false
				},
				{
					"name" : "pc_f_16[7]",
					"strict" : false
				},
				{
					"name" : "pc_f_16[8]",
					"strict" : false
				},
				{
					"name" : "pc_f_16[9]",
					"strict" : false
				},
				{
					"name" : "pc_f_16[10]",
					"strict" : false
				},
				{
					"name" : "pc_f_16[11]",
					"strict" : false
				},
				{
					"name" : "pc_f_16[12]",
					"strict" : false
				},
				{
					"name" : "pc_f_16[13]",
					"strict" : false
				},
				{
					"name" : "pc_f_16[14]",
					"strict" : false
				},
				{
					"name" : "pc_f_16[15]",
					"strict" : false
				}
			]
		}
	]
}